<beans xmlns="http://www.springframework.org/schema/beans"
	xmlns:context="http://www.springframework.org/schema/context"
	xmlns:xsi="http://www.w3.org/2001/XMLSchema-instance"
	xmlns:mvc="http://www.springframework.org/schema/mvc"
	xsi:schemaLocation="
        http://www.springframework.org/schema/beans
        http://www.springframework.org/schema/beans/spring-beans.xsd
        http://www.springframework.org/schema/mvc
        http://www.springframework.org/schema/mvc/spring-mvc.xsd
        http://www.springframework.org/schema/context
        http://www.springframework.org/schema/context/spring-context.xsd ">

	<context:component-scan base-package="in.aos.controller" />

	<bean class="org.springframework.web.servlet.view.InternalResourceViewResolver">
		<property name="viewClass" value="org.springframework.web.servlet.view.JstlView"/>
		<property name="prefix" value="/views/" />
		<property name="suffix" value=".jsp" />
	</bean>

	<mvc:resources mapping="/js/**" location="/js/" />
	<mvc:resources mapping="/scripts/**" location="/scripts/" />
	<mvc:resources mapping="/audio/**" location="/audio/" />
	<mvc:resources mapping="/css/**" location="/css/" />
	<mvc:resources mapping="/pdf/**" location="/pdf/" />	
	<mvc:resources mapping="/img/**" location="/img/" />
	<mvc:resources mapping="/images/**" location="/images/" />
	<mvc:resources mapping="/gallery/images/**" location="/gallery/images/" />
	<mvc:resources mapping="/gallery/css/**" location="/" />
	<mvc:resources mapping="/gallery/js/**" location="/" />
	<mvc:resources mapping="/fonts/**" location="/fonts/" />
	<mvc:annotation-driven />

</beans>